{"cameraMode":{"drawMode":0,"name":"Shaded","section":"Shading Mode"},"sceneLighting":true,"audioPlay":false,"sceneViewState":{"showFog":false,"showMaterialUpdate":false,"showSkybox":false,"showFlares":false,"showImageEffects":false,"showParticleSystems":false},"in2DMode":false,"pivot":{"x":-1.1914105415344239,"y":3.2625880241394045,"z":-0.13910293579101563},"rotation":{"x":-0.024512508884072305,"y":0.9073114395141602,"z":-0.053420256823301318,"w":-0.4163309335708618},"size":23.70992660522461,"orthographic":false}